{
  "songs": [
    {
      "id": "seelewanderung",
      "title_localized": {
        "en": "ゼーレンヴァンデルング"
      },
      "artist": "ke-ji",
      "bpm": "194",
      "bpm_base": 194,
      "set": "base",
      "purchase": "",
      "audioPreview": 23456,
      "audioPreviewEnd": 34254,
      "side": 1,
      "bg": "finale_conflict",
      "date": 1705059854,
      "version": "Generated by Arcade-One",
      "difficulties": [
        {
          "ratingClass": 0,
          "chartDesigner": "",
          "jacketDesigner": "",
          "rating": -1
        },
        {
          "ratingClass": 1,
          "chartDesigner": "",
          "jacketDesigner": "",
          "rating": -1
        },
        {
          "ratingClass": 2,
          "chartDesigner": "",
          "jacketDesigner": "",
          "rating": -1
        },
        {
          "ratingClass": 3,
          "chartDesigner": "",
          "jacketDesigner": "",
          "rating": 10,
          "ratingPlus": true
        }
      ]
    }
  ]
}